{"4703401":{"T":21.30000000000007,"H":23.020540540540555,"FT":20.099999999999937,"co2":454.20540540540543,"tvoc":0.5051891891891896,"pm25":47.899999999999835,"aqi":115,"light":36.45945945945946,"spl":42.22702702702703},"4703402":{"T":21.30000000000011,"H":23.00170648464168,"FT":20.100000000000065,"co2":2153.1638225255974,"tvoc":0.4968600682593858,"pm25":47.89999999999976,"aqi":115,"light":37.37201365187713,"spl":44.924914675767916}}